1|Ross|Geller|ross@gmail.com|ross1|password123|New York|
2|Rachel|Green|rachael@gmail.com|rachael2|password123|New York|
3|Monica|Geller|monica@gmail.com|monica3|password123|New York|
4|Chandler|Bing|candler@gmail.com|candler4|password123|New York|
5|Joey|Tribbiani|joey@gmail.com|joey5|password123|New York|
6|Phoebe|Buffay|phobe2gmail.com|phobe6|password123|New York|